1,1,1,Aire y Television,3
2,1,1,Aire y Television,3
3,1,2,Television y Cafetera,3
4,1,1,Aire y Cafetera,3
5,1,2,Aire y Cafetera,3
6,1,2,Aire y Cafetera,3
7,1,1,Aire y Cafetera,3
8,1,1,Aire y Cafetera,3
9,1,1,Aire y Television,3
10,1,2,Television y Cafetera,3
11,1,2,Television y Cafetera,3
12,1,1,Television y Cafetera,3
13,1,1,Aire y Television,3
14,1,2,Aire y Television,3
15,1,1,Aire y Television,3
16,1,1,Aire y Television,3
17,1,2,Aire y Television,3
18,1,1,Aire y Television,3
19,1,1,Television y Cafetera,3
20,1,1,Television y Cafetera,3
21,1,2,Aire y Television,3
22,1,2,Aire y Cafetera,3
23,1,2,Aire y Cafetera,3
24,1,1,Television y Cafetera,3
25,1,1,Aire y Cafetera,3
26,1,2,Television y Cafetera,3
27,1,1,Aire y Cafetera,3
28,1,2,Aire y Cafetera,3
29,1,2,Aire y Television,3
30,1,2,Television y Cafetera,3
31,1,1,Aire y Cafetera,3
32,1,1,Aire y Television,3
33,1,2,Television y Cafetera,3
34,1,2,Aire y Cafetera,3
35,1,2,Aire y Television,3
36,1,1,Aire y Television,3
37,1,1,Aire y Television,3
38,1,2,Aire y Cafetera,3
39,1,1,Aire y Cafetera,3
40,1,1,Aire y Television,3
41,1,1,Aire y Television,3
42,1,2,Television y Cafetera,3
43,1,2,Television y Cafetera,3
44,1,2,Television y Cafetera,3
45,1,2,Television y Cafetera,3
46,1,1,Aire y Television,3
47,1,2,Aire y Television,3
48,1,1,Aire y Television,3
49,1,1,Television y Cafetera,3
50,1,2,Aire y Television,3
51,1,1,Aire y Cafetera,3
52,1,2,Television y Cafetera,3
53,1,2,Television y Cafetera,3
54,1,2,Television y Cafetera,3
55,1,1,Aire y Cafetera,3
56,1,1,Television y Cafetera,3
57,1,2,Television y Cafetera,3
58,1,1,Aire y Television,3
59,1,1,Aire y Television,3
60,1,1,Aire y Cafetera,3
61,1,1,Television y Cafetera,3
62,1,2,Aire y Television,3
63,1,2,Aire y Television,3
64,1,1,Aire y Cafetera,3
65,1,1,Aire y Cafetera,3
66,1,1,Aire y Cafetera,3
67,1,2,Television y Cafetera,3
68,1,1,Television y Cafetera,3
69,1,2,Aire y Television,3
70,1,2,Television y Cafetera,3
71,1,2,Television y Cafetera,3
72,1,1,Aire y Television,3
73,1,1,Aire y Cafetera,3
74,1,2,Aire y Television,3
75,1,1,Television y Cafetera,3
76,1,2,Television y Cafetera,3
77,1,1,Aire y Television,3
78,1,2,Aire y Television,3
79,1,1,Aire y Cafetera,3
80,1,1,Television y Cafetera,3
81,1,1,Aire y Cafetera,3
82,1,2,Television y Cafetera,3
83,1,1,Aire y Cafetera,3
84,1,1,Aire y Television,3
85,1,2,Aire y Cafetera,3
86,1,1,Television y Cafetera,3
87,1,2,Television y Cafetera,3
88,1,1,Aire y Cafetera,3
89,1,2,Aire y Television,3
90,1,1,Aire y Cafetera,3
91,1,1,Television y Cafetera,3
92,1,1,Aire y Cafetera,3
93,1,1,Television y Cafetera,3
94,1,2,Aire y Cafetera,3
95,1,1,Television y Cafetera,3
96,1,2,Aire y Cafetera,3
97,1,1,Television y Cafetera,3
98,1,1,Aire y Television,3
99,1,1,Aire y Cafetera,3
100,1,1,Aire y Television,3
101,1,2,Television y Cafetera,3
102,1,2,Television y Cafetera,3
103,1,2,Television y Cafetera,3
104,1,1,Aire y Television,3
105,1,1,Aire y Cafetera,3
106,1,1,Television y Cafetera,3
107,1,2,Aire y Cafetera,3
108,1,2,Television y Cafetera,3
109,1,1,Aire y Cafetera,3
110,1,2,Aire y Cafetera,3
111,1,2,Television y Cafetera,3
112,1,1,Aire y Cafetera,3
113,1,2,Aire y Cafetera,3
114,1,2,Television y Cafetera,3
115,1,1,Television y Cafetera,3
116,1,1,Aire y Television,3
117,1,2,Television y Cafetera,3
118,1,1,Aire y Cafetera,3
119,1,1,Television y Cafetera,3
120,1,2,Television y Cafetera,3
121,1,1,Aire y Cafetera,3
122,1,1,Aire y Television,3
123,1,1,Television y Cafetera,3
124,1,2,Aire y Television,3
125,1,1,Aire y Television,3
126,1,2,Television y Cafetera,3
127,1,2,Aire y Cafetera,3
128,1,2,Television y Cafetera,3
129,1,2,Aire y Cafetera,3
130,1,1,Aire y Cafetera,3
131,1,1,Television y Cafetera,3
132,1,1,Television y Cafetera,3
133,1,2,Aire y Television,3
134,1,2,Aire y Television,3
135,1,2,Aire y Television,3
136,1,2,Television y Cafetera,3
137,1,2,Aire y Television,3
138,1,1,Aire y Television,3
139,1,2,Aire y Television,3
140,1,1,Television y Cafetera,3
141,1,2,Television y Cafetera,3
142,1,1,Aire y Television,3
143,1,1,Aire y Television,3
144,1,2,Aire y Television,3
145,1,1,Aire y Cafetera,3
146,1,2,Aire y Television,3
147,1,1,Aire y Television,3
148,1,2,Aire y Cafetera,3
149,1,1,Television y Cafetera,3
150,1,2,Aire y Television,3
151,1,1,Television y Cafetera,3
152,1,1,Aire y Cafetera,3
153,1,1,Aire y Cafetera,3
154,1,2,Aire y Television,3
155,1,2,Aire y Television,3
156,1,2,Aire y Television,3
157,1,2,Television y Cafetera,3
158,1,1,Aire y Television,3
159,1,2,Television y Cafetera,3
160,1,2,Television y Cafetera,3
161,1,1,Aire y Cafetera,3
162,1,1,Television y Cafetera,3
163,1,1,Aire y Television,3
164,1,2,Aire y Cafetera,3
165,1,2,Television y Cafetera,3
166,1,1,Aire y Television,3
167,1,1,Aire y Cafetera,3
168,1,2,Television y Cafetera,3
169,1,1,Aire y Television,3
170,1,2,Aire y Cafetera,3
171,1,1,Aire y Television,3
172,1,2,Aire y Television,3
173,1,2,Television y Cafetera,3
174,1,2,Aire y Cafetera,3
175,1,1,Aire y Cafetera,3
176,1,2,Aire y Cafetera,3
177,1,1,Aire y Cafetera,3
178,1,2,Television y Cafetera,3
179,1,2,Aire y Television,3
180,1,1,Aire y Television,3
181,1,2,Television y Cafetera,3
182,1,1,Television y Cafetera,3
183,1,1,Aire y Cafetera,3
184,1,2,Aire y Cafetera,3
185,1,1,Aire y Cafetera,3
186,1,2,Aire y Television,3
187,1,1,Television y Cafetera,3
188,1,1,Television y Cafetera,3
189,1,1,Television y Cafetera,3
190,1,2,Aire y Television,3
191,1,2,Television y Cafetera,3
192,1,1,Aire y Television,3
193,1,2,Aire y Cafetera,3
194,1,1,Aire y Cafetera,3
195,1,1,Television y Cafetera,3
196,1,2,Aire y Cafetera,3
197,1,2,Television y Cafetera,3
198,1,1,Television y Cafetera,3
199,1,2,Aire y Cafetera,3
200,1,2,Television y Cafetera,3
201,1,1,Television y Cafetera,3
202,1,1,Aire y Television,3
203,1,2,Television y Cafetera,3
204,1,2,Television y Cafetera,3
205,1,2,Aire y Cafetera,3
206,1,2,Aire y Cafetera,3
207,1,1,Aire y Cafetera,3
208,1,1,Aire y Cafetera,3
209,1,2,Aire y Television,3
210,1,1,Aire y Cafetera,3
211,1,1,Aire y Cafetera,3
212,1,1,Television y Cafetera,3
213,1,1,Television y Cafetera,3
214,1,2,Aire y Cafetera,3
215,1,2,Aire y Television,3
216,1,1,Aire y Television,3
217,1,1,Aire y Cafetera,3
218,1,1,Television y Cafetera,3
219,1,1,Television y Cafetera,3
220,1,1,Television y Cafetera,3
221,1,1,Television y Cafetera,3
222,1,1,Television y Cafetera,3
223,1,1,Television y Cafetera,3
224,1,1,Aire y Cafetera,3
225,1,1,Television y Cafetera,3
226,1,1,Television y Cafetera,3
227,1,2,Aire y Television,3
228,1,2,Aire y Television,3
229,1,2,Aire y Television,3
230,1,1,Aire y Cafetera,3
231,1,1,Aire y Television,3
232,1,1,Television y Cafetera,3
233,1,1,Aire y Television,3
234,1,1,Aire y Television,3
235,1,1,Aire y Television,3
236,1,1,Television y Cafetera,3
237,1,2,Aire y Television,3
238,1,2,Aire y Television,3
239,1,2,Television y Cafetera,3
240,1,1,Aire y Television,3
241,1,1,Aire y Television,3
242,1,1,Aire y Cafetera,3
243,1,2,Aire y Cafetera,3
244,1,2,Aire y Television,3
245,1,1,Aire y Television,3
246,1,2,Television y Cafetera,3
247,1,1,Aire y Television,3
248,1,2,Television y Cafetera,3
249,1,2,Aire y Television,3
250,1,1,Aire y Cafetera,3
251,1,2,Aire y Television,3
252,1,1,Television y Cafetera,3
253,1,2,Television y Cafetera,3
254,1,2,Television y Cafetera,3
255,1,2,Aire y Television,3
256,1,2,Television y Cafetera,3
257,1,1,Television y Cafetera,3
258,1,2,Television y Cafetera,3
259,1,1,Aire y Cafetera,3
260,1,1,Aire y Cafetera,3
261,1,2,Television y Cafetera,3
262,1,2,Aire y Television,3
263,1,1,Aire y Television,3
264,1,2,Aire y Television,3
265,1,2,Aire y Television,3
266,1,2,Aire y Television,3
267,1,2,Aire y Television,3
268,1,2,Aire y Television,3
269,1,2,Television y Cafetera,3
270,1,1,Television y Cafetera,3
271,1,1,Television y Cafetera,3
272,1,1,Aire y Cafetera,3
273,1,1,Aire y Cafetera,3
274,1,2,Aire y Television,3
275,1,2,Aire y Cafetera,3
276,1,2,Aire y Cafetera,3
277,1,1,Television y Cafetera,3
278,1,1,Aire y Cafetera,3
279,1,1,Aire y Cafetera,3
280,1,2,Aire y Cafetera,3
281,1,1,Television y Cafetera,3
282,1,2,Aire y Television,3
283,1,1,Aire y Cafetera,3
284,1,2,Television y Cafetera,3
285,1,1,Aire y Cafetera,3
286,1,1,Aire y Cafetera,3
287,1,1,Aire y Cafetera,3
288,1,2,Television y Cafetera,3
289,1,1,Television y Cafetera,3
290,1,1,Television y Cafetera,3
291,1,1,Aire y Television,3
292,1,2,Aire y Cafetera,3
293,1,2,Aire y Television,3
294,1,2,Television y Cafetera,3
295,1,2,Television y Cafetera,3
296,1,2,Television y Cafetera,3
297,1,1,Aire y Cafetera,3
298,1,1,Aire y Television,3
299,1,1,Television y Cafetera,3
300,1,1,Aire y Television,3
301,1,2,Television y Cafetera,3
302,1,2,Aire y Cafetera,3
303,1,2,Television y Cafetera,3
304,1,2,Aire y Cafetera,3
305,1,1,Aire y Television,3
306,1,1,Aire y Cafetera,3
307,1,2,Television y Cafetera,3
308,1,1,Aire y Cafetera,3
309,1,2,Television y Cafetera,3
310,1,2,Aire y Television,3
311,1,1,Television y Cafetera,3
312,1,2,Aire y Television,3
313,1,1,Aire y Television,3
314,1,1,Television y Cafetera,3
315,1,1,Aire y Television,3
316,1,1,Aire y Cafetera,3
317,1,1,Aire y Television,3
318,1,1,Television y Cafetera,3
319,1,1,Aire y Cafetera,3
320,1,2,Television y Cafetera,3
321,1,1,Television y Cafetera,3
322,1,1,Aire y Television,3
323,1,1,Television y Cafetera,3
324,1,1,Aire y Cafetera,3
325,1,2,Aire y Television,3
326,1,1,Aire y Cafetera,3
327,1,2,Television y Cafetera,3
328,1,2,Aire y Cafetera,3
329,1,1,Aire y Television,3
330,1,1,Aire y Television,3
331,1,2,Aire y Television,3
332,1,2,Aire y Cafetera,3
333,1,2,Television y Cafetera,3
334,1,2,Television y Cafetera,3
335,1,1,Aire y Cafetera,3
336,1,1,Aire y Television,3
337,1,2,Aire y Cafetera,3
338,1,2,Aire y Television,3
339,1,1,Television y Cafetera,3
340,1,1,Aire y Cafetera,3
341,1,2,Aire y Television,3
342,1,1,Aire y Cafetera,3
343,1,2,Television y Cafetera,3
344,1,1,Aire y Cafetera,3
345,1,2,Aire y Cafetera,3
346,1,1,Aire y Cafetera,3
347,1,1,Aire y Television,3
348,1,2,Television y Cafetera,3
349,1,1,Aire y Cafetera,3
350,1,1,Television y Cafetera,3
351,1,2,Aire y Cafetera,3
352,1,1,Aire y Television,3
353,1,1,Television y Cafetera,3
354,1,2,Television y Cafetera,3
355,1,2,Aire y Television,3
356,1,1,Aire y Cafetera,3
357,1,2,Television y Cafetera,3
358,1,2,Aire y Television,3
359,1,1,Television y Cafetera,3
360,1,1,Aire y Television,3
361,1,2,Aire y Television,3
362,1,1,Television y Cafetera,3
363,1,1,Aire y Cafetera,3
364,1,1,Television y Cafetera,3
365,1,1,Television y Cafetera,3
366,1,1,Television y Cafetera,3
367,1,1,Television y Cafetera,3
368,1,1,Aire y Television,3
369,1,2,Aire y Television,3
370,1,2,Aire y Television,3
371,1,2,Aire y Cafetera,3
372,1,1,Aire y Television,3
373,1,1,Aire y Television,3
374,1,1,Aire y Television,3
375,1,1,Television y Cafetera,3
376,1,1,Aire y Cafetera,3
377,1,2,Television y Cafetera,3
378,1,1,Aire y Television,3
379,1,2,Television y Cafetera,3
380,1,1,Aire y Cafetera,3
381,1,2,Television y Cafetera,3
382,1,1,Aire y Television,3
383,1,1,Aire y Television,3
384,1,2,Aire y Television,3
385,1,1,Television y Cafetera,3
386,1,2,Aire y Television,3
387,1,2,Aire y Television,3
388,1,1,Aire y Television,3
389,1,2,Aire y Cafetera,3
390,1,1,Aire y Television,3
391,1,2,Aire y Cafetera,3
392,1,1,Aire y Cafetera,3
393,1,1,Television y Cafetera,3
394,1,1,Television y Cafetera,3
395,1,2,Television y Cafetera,3
396,1,2,Aire y Television,3
397,1,1,Aire y Cafetera,3
398,1,2,Aire y Television,3
399,1,2,Aire y Television,3
400,1,1,Aire y Cafetera,3
401,1,7,Jacuzzi y Room Service,1
402,1,6,Comedor y Jacuzzi,1
403,1,7,Comedor y Jacuzzi,1
404,1,7,Comedor y Jacuzzi,1
405,1,6,Comedor y Jacuzzi,1
406,1,6,Comedor y Jacuzzi,1
407,1,7,Comedor y Room Service,1
408,1,6,Comedor y Room Service,1
409,1,6,Comedor y Room Service,1
410,1,6,Jacuzzi y Room Service,1
411,1,6,Comedor y Room Service,1
412,1,6,Comedor y Jacuzzi,1
413,1,7,Comedor y Room Service,1
414,1,6,Jacuzzi y Room Service,1
415,1,7,Jacuzzi y Room Service,1
416,1,6,Jacuzzi y Room Service,1
417,1,7,Comedor y Room Service,1
418,1,7,Comedor y Room Service,1
419,1,7,Jacuzzi y Room Service,1
420,1,6,Comedor y Jacuzzi,1
421,1,6,Comedor y Room Service,1
422,1,7,Comedor y Room Service,1
423,1,7,Comedor y Room Service,1
424,1,7,Comedor y Jacuzzi,1
425,1,6,Comedor y Room Service,1
426,1,7,Jacuzzi y Room Service,1
427,1,7,Jacuzzi y Room Service,1
428,1,6,Comedor y Room Service,1
429,1,6,Comedor y Jacuzzi,1
430,1,7,Jacuzzi y Room Service,1
431,1,6,Jacuzzi y Room Service,1
432,1,6,Comedor y Jacuzzi,1
433,1,6,Comedor y Room Service,1
434,1,6,Jacuzzi y Room Service,1
435,1,6,Comedor y Jacuzzi,1
436,1,6,Comedor y Room Service,1
437,1,6,Jacuzzi y Room Service,1
438,1,7,Comedor y Room Service,1
439,1,6,Jacuzzi y Room Service,1
440,1,7,Comedor y Jacuzzi,1
441,1,6,Comedor y Jacuzzi,1
442,1,6,Comedor y Room Service,1
443,1,6,Jacuzzi y Room Service,1
444,1,6,Comedor y Jacuzzi,1
445,1,7,Comedor y Jacuzzi,1
446,1,6,Jacuzzi y Room Service,1
447,1,6,Comedor y Room Service,1
448,1,7,Comedor y Jacuzzi,1
449,1,6,Comedor y Room Service,1
450,1,7,Comedor y Jacuzzi,1
451,1,6,Jacuzzi y Room Service,1
452,1,7,Jacuzzi y Room Service,1
453,1,7,Comedor y Jacuzzi,1
454,1,7,Jacuzzi y Room Service,1
455,1,6,Comedor y Jacuzzi,1
456,1,6,Comedor y Room Service,1
457,1,6,Comedor y Jacuzzi,1
458,1,6,Comedor y Jacuzzi,1
459,1,6,Comedor y Jacuzzi,1
460,1,6,Jacuzzi y Room Service,1
461,1,7,Comedor y Room Service,1
462,1,7,Jacuzzi y Room Service,1
463,1,7,Comedor y Room Service,1
464,1,6,Comedor y Room Service,1
465,1,6,Comedor y Jacuzzi,1
466,1,7,Jacuzzi y Room Service,1
467,1,7,Jacuzzi y Room Service,1
468,1,7,Comedor y Jacuzzi,1
469,1,7,Comedor y Jacuzzi,1
470,1,6,Comedor y Jacuzzi,1
471,1,7,Comedor y Jacuzzi,1
472,1,7,Comedor y Jacuzzi,1
473,1,7,Jacuzzi y Room Service,1
474,1,6,Comedor y Jacuzzi,1
475,1,7,Comedor y Jacuzzi,1
476,1,7,Comedor y Jacuzzi,1
477,1,7,Jacuzzi y Room Service,1
478,1,6,Comedor y Jacuzzi,1
479,1,6,Jacuzzi y Room Service,1
480,1,7,Jacuzzi y Room Service,1
481,1,6,Jacuzzi y Room Service,1
482,1,7,Comedor y Jacuzzi,1
483,1,7,Comedor y Room Service,1
484,1,6,Comedor y Jacuzzi,1
485,1,6,Comedor y Room Service,1
486,1,7,Comedor y Room Service,1
487,1,6,Jacuzzi y Room Service,1
488,1,6,Jacuzzi y Room Service,1
489,1,6,Comedor y Room Service,1
490,1,6,Comedor y Room Service,1
491,1,6,Comedor y Jacuzzi,1
492,1,7,Comedor y Room Service,1
493,1,6,Comedor y Jacuzzi,1
494,1,6,Jacuzzi y Room Service,1
495,1,7,Jacuzzi y Room Service,1
496,1,7,Comedor y Jacuzzi,1
497,1,7,Comedor y Jacuzzi,1
498,1,6,Comedor y Room Service,1
499,1,7,Comedor y Room Service,1
500,1,6,Jacuzzi y Room Service,1
501,1,7,Comedor y Jacuzzi,1
502,1,7,Jacuzzi y Room Service,1
503,1,7,Jacuzzi y Room Service,1
504,1,6,Comedor y Room Service,1
505,1,6,Jacuzzi y Room Service,1
506,1,7,Comedor y Jacuzzi,1
507,1,6,Comedor y Jacuzzi,1
508,1,6,Comedor y Room Service,1
509,1,6,Comedor y Room Service,1
510,1,7,Jacuzzi y Room Service,1
511,1,7,Comedor y Room Service,1
512,1,7,Comedor y Jacuzzi,1
513,1,7,Comedor y Room Service,1
514,1,6,Comedor y Room Service,1
515,1,6,Jacuzzi y Room Service,1
516,1,7,Comedor y Room Service,1
517,1,6,Comedor y Room Service,1
518,1,7,Comedor y Jacuzzi,1
519,1,7,Comedor y Room Service,1
520,1,7,Comedor y Jacuzzi,1
521,1,7,Jacuzzi y Room Service,1
522,1,7,Comedor y Jacuzzi,1
523,1,7,Comedor y Jacuzzi,1
524,1,6,Comedor y Jacuzzi,1
525,1,7,Comedor y Room Service,1
526,1,6,Comedor y Room Service,1
527,1,7,Jacuzzi y Room Service,1
528,1,7,Jacuzzi y Room Service,1
529,1,6,Comedor y Jacuzzi,1
530,1,6,Comedor y Jacuzzi,1
531,1,6,Jacuzzi y Room Service,1
532,1,6,Jacuzzi y Room Service,1
533,1,7,Comedor y Room Service,1
534,1,7,Comedor y Jacuzzi,1
535,1,7,Comedor y Room Service,1
536,1,6,Jacuzzi y Room Service,1
537,1,7,Comedor y Jacuzzi,1
538,1,7,Comedor y Jacuzzi,1
539,1,7,Comedor y Room Service,1
540,1,7,Comedor y Room Service,1
541,1,6,Comedor y Room Service,1
542,1,6,Comedor y Jacuzzi,1
543,1,7,Comedor y Jacuzzi,1
544,1,6,Comedor y Room Service,1
545,1,6,Comedor y Jacuzzi,1
546,1,7,Jacuzzi y Room Service,1
547,1,7,Comedor y Room Service,1
548,1,7,Comedor y Room Service,1
549,1,6,Jacuzzi y Room Service,1
550,1,6,Comedor y Room Service,1
551,1,6,Comedor y Jacuzzi,1
552,1,7,Comedor y Jacuzzi,1
553,1,7,Jacuzzi y Room Service,1
554,1,6,Jacuzzi y Room Service,1
555,1,7,Comedor y Room Service,1
556,1,6,Comedor y Jacuzzi,1
557,1,6,Comedor y Room Service,1
558,1,7,Comedor y Jacuzzi,1
559,1,7,Jacuzzi y Room Service,1
560,1,7,Jacuzzi y Room Service,1
561,1,7,Jacuzzi y Room Service,1
562,1,7,Comedor y Jacuzzi,1
563,1,7,Comedor y Jacuzzi,1
564,1,6,Comedor y Jacuzzi,1
565,1,7,Jacuzzi y Room Service,1
566,1,7,Comedor y Jacuzzi,1
567,1,7,Jacuzzi y Room Service,1
568,1,7,Jacuzzi y Room Service,1
569,1,7,Jacuzzi y Room Service,1
570,1,7,Comedor y Room Service,1
571,1,7,Comedor y Room Service,1
572,1,7,Comedor y Jacuzzi,1
573,1,7,Comedor y Room Service,1
574,1,7,Comedor y Jacuzzi,1
575,1,6,Comedor y Jacuzzi,1
576,1,7,Comedor y Jacuzzi,1
577,1,7,Comedor y Jacuzzi,1
578,1,6,Comedor y Room Service,1
579,1,7,Jacuzzi y Room Service,1
580,1,6,Comedor y Room Service,1
581,1,7,Comedor y Jacuzzi,1
582,1,7,Jacuzzi y Room Service,1
583,1,6,Comedor y Jacuzzi,1
584,1,6,Comedor y Room Service,1
585,1,6,Comedor y Jacuzzi,1
586,1,6,Comedor y Room Service,1
587,1,6,Comedor y Room Service,1
588,1,6,Jacuzzi y Room Service,1
589,1,6,Comedor y Jacuzzi,1
590,1,6,Comedor y Jacuzzi,1
591,1,6,Comedor y Jacuzzi,1
592,1,6,Jacuzzi y Room Service,1
593,1,6,Comedor y Room Service,1
594,1,7,Comedor y Jacuzzi,1
595,1,6,Comedor y Jacuzzi,1
596,1,6,Comedor y Jacuzzi,1
597,1,6,Comedor y Room Service,1
598,1,6,Comedor y Room Service,1
599,1,6,Comedor y Jacuzzi,1
600,1,6,Comedor y Jacuzzi,1
601,1,7,Jacuzzi y Room Service,1
602,1,6,Comedor y Room Service,1
603,1,6,Jacuzzi y Room Service,1
604,1,6,Comedor y Room Service,1
605,1,7,Comedor y Room Service,1
606,1,6,Comedor y Room Service,1
607,1,7,Jacuzzi y Room Service,1
608,1,7,Jacuzzi y Room Service,1
609,1,7,Comedor y Jacuzzi,1
610,1,7,Comedor y Jacuzzi,1
611,1,6,Jacuzzi y Room Service,1
612,1,7,Jacuzzi y Room Service,1
613,1,6,Comedor y Jacuzzi,1
614,1,7,Comedor y Jacuzzi,1
615,1,7,Comedor y Room Service,1
616,1,7,Comedor y Room Service,1
617,1,6,Comedor y Room Service,1
618,1,6,Comedor y Room Service,1
619,1,6,Jacuzzi y Room Service,1
620,1,7,Comedor y Room Service,1
621,1,6,Comedor y Jacuzzi,1
622,1,6,Jacuzzi y Room Service,1
623,1,7,Comedor y Jacuzzi,1
624,1,6,Jacuzzi y Room Service,1
625,1,7,Comedor y Room Service,1
626,1,7,Comedor y Jacuzzi,1
627,1,6,Comedor y Room Service,1
628,1,7,Comedor y Jacuzzi,1
629,1,7,Comedor y Room Service,1
630,1,7,Jacuzzi y Room Service,1
631,1,6,Comedor y Room Service,1
632,1,7,Comedor y Room Service,1
633,1,6,Comedor y Jacuzzi,1
634,1,6,Comedor y Jacuzzi,1
635,1,6,Comedor y Room Service,1
636,1,7,Comedor y Room Service,1
637,1,7,Comedor y Room Service,1
638,1,6,Comedor y Jacuzzi,1
639,1,6,Comedor y Room Service,1
640,1,6,Comedor y Room Service,1
641,1,7,Comedor y Jacuzzi,1
642,1,7,Jacuzzi y Room Service,1
643,1,6,Comedor y Room Service,1
644,1,6,Jacuzzi y Room Service,1
645,1,7,Jacuzzi y Room Service,1
646,1,6,Comedor y Room Service,1
647,1,7,Comedor y Jacuzzi,1
648,1,7,Jacuzzi y Room Service,1
649,1,6,Comedor y Jacuzzi,1
650,1,6,Jacuzzi y Room Service,1
651,1,6,Comedor y Jacuzzi,1
652,1,7,Comedor y Jacuzzi,1
653,1,7,Comedor y Jacuzzi,1
654,1,6,Comedor y Room Service,1
655,1,6,Comedor y Room Service,1
656,1,7,Comedor y Room Service,1
657,1,7,Comedor y Room Service,1
658,1,7,Jacuzzi y Room Service,1
659,1,7,Comedor y Jacuzzi,1
660,1,6,Comedor y Jacuzzi,1
661,1,6,Comedor y Room Service,1
662,1,7,Comedor y Room Service,1
663,1,7,Jacuzzi y Room Service,1
664,1,7,Jacuzzi y Room Service,1
665,1,6,Jacuzzi y Room Service,1
666,1,6,Jacuzzi y Room Service,1
667,1,6,Jacuzzi y Room Service,1
668,1,6,Comedor y Jacuzzi,1
669,1,6,Comedor y Jacuzzi,1
670,1,6,Jacuzzi y Room Service,1
671,1,6,Comedor y Room Service,1
672,1,6,Comedor y Room Service,1
673,1,6,Comedor y Jacuzzi,1
674,1,6,Comedor y Room Service,1
675,1,7,Jacuzzi y Room Service,1
676,1,6,Jacuzzi y Room Service,1
677,1,6,Comedor y Room Service,1
678,1,7,Comedor y Jacuzzi,1
679,1,6,Comedor y Room Service,1
680,1,7,Comedor y Jacuzzi,1
681,1,7,Comedor y Jacuzzi,1
682,1,7,Comedor y Jacuzzi,1
683,1,7,Comedor y Room Service,1
684,1,7,Comedor y Room Service,1
685,1,7,Jacuzzi y Room Service,1
686,1,7,Comedor y Room Service,1
687,1,6,Jacuzzi y Room Service,1
688,1,6,Jacuzzi y Room Service,1
689,1,7,Comedor y Jacuzzi,1
690,1,7,Comedor y Jacuzzi,1
691,1,6,Jacuzzi y Room Service,1
692,1,6,Comedor y Room Service,1
693,1,7,Comedor y Room Service,1
694,1,6,Jacuzzi y Room Service,1
695,1,6,Comedor y Jacuzzi,1
696,1,6,Comedor y Room Service,1
697,1,6,Comedor y Room Service,1
698,1,6,Jacuzzi y Room Service,1
699,1,7,Comedor y Room Service,1
700,1,6,Jacuzzi y Room Service,1
701,1,7,Jacuzzi y Room Service,1
702,1,6,Comedor y Jacuzzi,1
703,1,6,Jacuzzi y Room Service,1
704,1,7,Comedor y Jacuzzi,1
705,1,7,Jacuzzi y Room Service,1
706,1,6,Comedor y Jacuzzi,1
707,1,7,Comedor y Room Service,1
708,1,7,Comedor y Jacuzzi,1
709,1,7,Jacuzzi y Room Service,1
710,1,6,Jacuzzi y Room Service,1
711,1,7,Comedor y Jacuzzi,1
712,1,7,Comedor y Jacuzzi,1
713,1,7,Jacuzzi y Room Service,1
714,1,6,Comedor y Room Service,1
715,1,7,Jacuzzi y Room Service,1
716,1,7,Comedor y Jacuzzi,1
717,1,6,Comedor y Jacuzzi,1
718,1,6,Comedor y Jacuzzi,1
719,1,6,Comedor y Room Service,1
720,1,7,Comedor y Jacuzzi,1
721,1,7,Jacuzzi y Room Service,1
722,1,7,Comedor y Room Service,1
723,1,6,Comedor y Jacuzzi,1
724,1,6,Comedor y Room Service,1
725,1,6,Comedor y Room Service,1
726,1,7,Jacuzzi y Room Service,1
727,1,6,Comedor y Jacuzzi,1
728,1,7,Comedor y Jacuzzi,1
729,1,6,Comedor y Room Service,1
730,1,7,Comedor y Jacuzzi,1
731,1,7,Jacuzzi y Room Service,1
732,1,7,Jacuzzi y Room Service,1
733,1,6,Comedor y Jacuzzi,1
734,1,7,Jacuzzi y Room Service,1
735,1,7,Comedor y Room Service,1
736,1,6,Jacuzzi y Room Service,1
737,1,6,Jacuzzi y Room Service,1
738,1,7,Comedor y Room Service,1
739,1,7,Comedor y Jacuzzi,1
740,1,6,Comedor y Jacuzzi,1
741,1,6,Comedor y Jacuzzi,1
742,1,6,Jacuzzi y Room Service,1
743,1,6,Comedor y Jacuzzi,1
744,1,6,Jacuzzi y Room Service,1
745,1,6,Jacuzzi y Room Service,1
746,1,6,Jacuzzi y Room Service,1
747,1,6,Comedor y Room Service,1
748,1,7,Jacuzzi y Room Service,1
749,1,7,Jacuzzi y Room Service,1
750,1,7,Comedor y Room Service,1
751,1,7,Comedor y Room Service,1
752,1,7,Jacuzzi y Room Service,1
753,1,6,Comedor y Room Service,1
754,1,7,Comedor y Room Service,1
755,1,7,Comedor y Room Service,1
756,1,7,Comedor y Room Service,1
757,1,7,Comedor y Room Service,1
758,1,7,Comedor y Jacuzzi,1
759,1,6,Jacuzzi y Room Service,1
760,1,6,Jacuzzi y Room Service,1
761,1,6,Comedor y Jacuzzi,1
762,1,6,Comedor y Room Service,1
763,1,6,Comedor y Jacuzzi,1
764,1,6,Comedor y Jacuzzi,1
765,1,7,Comedor y Room Service,1
766,1,7,Comedor y Room Service,1
767,1,7,Comedor y Jacuzzi,1
768,1,7,Comedor y Room Service,1
769,1,7,Jacuzzi y Room Service,1
770,1,6,Comedor y Jacuzzi,1
771,1,6,Comedor y Jacuzzi,1
772,1,6,Comedor y Jacuzzi,1
773,1,7,Jacuzzi y Room Service,1
774,1,7,Comedor y Room Service,1
775,1,6,Comedor y Jacuzzi,1
776,1,6,Comedor y Room Service,1
777,1,6,Comedor y Jacuzzi,1
778,1,6,Jacuzzi y Room Service,1
779,1,6,Comedor y Room Service,1
780,1,7,Comedor y Room Service,1
781,1,6,Comedor y Jacuzzi,1
782,1,7,Jacuzzi y Room Service,1
783,1,6,Comedor y Jacuzzi,1
784,1,6,Comedor y Jacuzzi,1
785,1,7,Comedor y Jacuzzi,1
786,1,7,Jacuzzi y Room Service,1
787,1,6,Comedor y Room Service,1
788,1,6,Comedor y Jacuzzi,1
789,1,7,Comedor y Room Service,1
790,1,7,Jacuzzi y Room Service,1
791,1,6,Comedor y Jacuzzi,1
792,1,6,Comedor y Room Service,1
793,1,7,Comedor y Jacuzzi,1
794,1,7,Comedor y Jacuzzi,1
795,1,7,Jacuzzi y Room Service,1
796,1,7,Comedor y Room Service,1
797,1,7,Comedor y Jacuzzi,1
798,1,7,Jacuzzi y Room Service,1
799,1,6,Comedor y Jacuzzi,1
800,1,6,Comedor y Jacuzzi,1
801,1,9,Jacuzzi y Room Service,2
802,1,9,Comedor y Room Service,2
803,1,8,Comedor y Room Service,2
804,1,8,Comedor y Room Service,2
805,1,8,Todo y Decoracion de Oro,2
806,1,8,Comedor y Jacuzzi,2
807,1,9,Comedor y Jacuzzi,2
808,1,8,Comedor y Room Service,2
809,1,9,Comedor y Room Service,2
810,1,9,Todo y Decoracion de Oro,2
811,1,8,Jacuzzi y Room Service,2
812,1,8,Comedor y Jacuzzi,2
813,1,8,Jacuzzi y Room Service,2
814,1,8,Jacuzzi y Room Service,2
815,1,8,Jacuzzi y Room Service,2
816,1,8,Todo y Decoracion de Oro,2
817,1,9,Comedor y Room Service,2
818,1,9,Jacuzzi y Room Service,2
819,1,9,Todo y Decoracion de Oro,2
820,1,8,Todo y Decoracion de Oro,2
821,1,9,Comedor y Jacuzzi,2
822,1,9,Todo y Decoracion de Oro,2
823,1,9,Comedor y Jacuzzi,2
824,1,8,Comedor y Jacuzzi,2
825,1,8,Todo y Decoracion de Oro,2
826,1,9,Todo y Decoracion de Oro,2
827,1,8,Jacuzzi y Room Service,2
828,1,8,Comedor y Room Service,2
829,1,9,Comedor y Room Service,2
830,1,9,Comedor y Room Service,2
831,1,9,Jacuzzi y Room Service,2
832,1,9,Todo y Decoracion de Oro,2
833,1,8,Jacuzzi y Room Service,2
834,1,9,Comedor y Jacuzzi,2
835,1,9,Jacuzzi y Room Service,2
836,1,9,Comedor y Room Service,2
837,1,9,Jacuzzi y Room Service,2
838,1,9,Comedor y Jacuzzi,2
839,1,8,Comedor y Jacuzzi,2
840,1,9,Todo y Decoracion de Oro,2
841,1,9,Comedor y Jacuzzi,2
842,1,8,Comedor y Jacuzzi,2
843,1,8,Jacuzzi y Room Service,2
844,1,9,Jacuzzi y Room Service,2
845,1,8,Comedor y Room Service,2
846,1,8,Todo y Decoracion de Oro,2
847,1,8,Comedor y Room Service,2
848,1,9,Comedor y Room Service,2
849,1,9,Jacuzzi y Room Service,2
850,1,8,Jacuzzi y Room Service,2
851,1,9,Jacuzzi y Room Service,2
852,1,9,Jacuzzi y Room Service,2
853,1,8,Todo y Decoracion de Oro,2
854,1,8,Jacuzzi y Room Service,2
855,1,8,Jacuzzi y Room Service,2
856,1,9,Jacuzzi y Room Service,2
857,1,8,Comedor y Jacuzzi,2
858,1,8,Jacuzzi y Room Service,2
859,1,8,Comedor y Jacuzzi,2
860,1,8,Todo y Decoracion de Oro,2
861,1,9,Comedor y Jacuzzi,2
862,1,8,Todo y Decoracion de Oro,2
863,1,9,Jacuzzi y Room Service,2
864,1,9,Jacuzzi y Room Service,2
865,1,8,Comedor y Room Service,2
866,1,9,Todo y Decoracion de Oro,2
867,1,8,Jacuzzi y Room Service,2
868,1,8,Comedor y Room Service,2
869,1,9,Comedor y Jacuzzi,2
870,1,9,Todo y Decoracion de Oro,2
871,1,8,Jacuzzi y Room Service,2
872,1,8,Comedor y Jacuzzi,2
873,1,9,Comedor y Jacuzzi,2
874,1,9,Comedor y Room Service,2
875,1,9,Comedor y Jacuzzi,2
876,1,9,Comedor y Jacuzzi,2
877,1,9,Comedor y Jacuzzi,2
878,1,9,Comedor y Room Service,2
879,1,9,Comedor y Room Service,2
880,1,9,Todo y Decoracion de Oro,2
881,1,8,Comedor y Room Service,2
882,1,9,Comedor y Room Service,2
883,1,9,Comedor y Jacuzzi,2
884,1,9,Todo y Decoracion de Oro,2
885,1,8,Comedor y Room Service,2
886,1,8,Todo y Decoracion de Oro,2
887,1,9,Todo y Decoracion de Oro,2
888,1,8,Jacuzzi y Room Service,2
889,1,8,Comedor y Jacuzzi,2
890,1,8,Jacuzzi y Room Service,2
891,1,9,Todo y Decoracion de Oro,2
892,1,8,Comedor y Jacuzzi,2
893,1,8,Jacuzzi y Room Service,2
894,1,9,Todo y Decoracion de Oro,2
895,1,9,Jacuzzi y Room Service,2
896,1,8,Todo y Decoracion de Oro,2
897,1,8,Comedor y Room Service,2
898,1,8,Todo y Decoracion de Oro,2
899,1,9,Comedor y Jacuzzi,2
900,1,8,Comedor y Jacuzzi,2
901,1,8,Jacuzzi y Room Service,2
902,1,9,Comedor y Room Service,2
903,1,9,Jacuzzi y Room Service,2
904,1,9,Comedor y Room Service,2
905,1,8,Comedor y Room Service,2
906,1,8,Comedor y Jacuzzi,2
907,1,9,Jacuzzi y Room Service,2
908,1,8,Todo y Decoracion de Oro,2
909,1,8,Comedor y Jacuzzi,2
910,1,9,Comedor y Jacuzzi,2
911,1,8,Jacuzzi y Room Service,2
912,1,9,Todo y Decoracion de Oro,2
913,1,9,Todo y Decoracion de Oro,2
914,1,9,Jacuzzi y Room Service,2
915,1,9,Jacuzzi y Room Service,2
916,1,9,Jacuzzi y Room Service,2
917,1,9,Jacuzzi y Room Service,2
918,1,9,Comedor y Jacuzzi,2
919,1,8,Jacuzzi y Room Service,2
920,1,9,Comedor y Room Service,2
921,1,9,Comedor y Jacuzzi,2
922,1,8,Jacuzzi y Room Service,2
923,1,9,Jacuzzi y Room Service,2
924,1,8,Comedor y Room Service,2
925,1,8,Comedor y Room Service,2
926,1,8,Todo y Decoracion de Oro,2
927,1,8,Comedor y Room Service,2
928,1,8,Comedor y Jacuzzi,2
929,1,8,Comedor y Jacuzzi,2
930,1,9,Comedor y Room Service,2
931,1,9,Jacuzzi y Room Service,2
932,1,9,Comedor y Room Service,2
933,1,8,Comedor y Jacuzzi,2
934,1,8,Todo y Decoracion de Oro,2
935,1,9,Todo y Decoracion de Oro,2
936,1,8,Todo y Decoracion de Oro,2
937,1,9,Comedor y Room Service,2
938,1,9,Jacuzzi y Room Service,2
939,1,8,Comedor y Jacuzzi,2
940,1,8,Comedor y Jacuzzi,2
941,1,8,Comedor y Jacuzzi,2
942,1,9,Comedor y Jacuzzi,2
943,1,9,Jacuzzi y Room Service,2
944,1,8,Jacuzzi y Room Service,2
945,1,8,Todo y Decoracion de Oro,2
946,1,9,Jacuzzi y Room Service,2
947,1,8,Comedor y Room Service,2
948,1,9,Comedor y Jacuzzi,2
949,1,9,Jacuzzi y Room Service,2
950,1,8,Comedor y Room Service,2
951,1,9,Todo y Decoracion de Oro,2
952,1,8,Jacuzzi y Room Service,2
953,1,8,Todo y Decoracion de Oro,2
954,1,8,Comedor y Room Service,2
955,1,9,Comedor y Jacuzzi,2
956,1,8,Comedor y Room Service,2
957,1,9,Jacuzzi y Room Service,2
958,1,9,Comedor y Jacuzzi,2
959,1,9,Comedor y Jacuzzi,2
960,1,8,Todo y Decoracion de Oro,2
961,1,8,Comedor y Room Service,2
962,1,8,Todo y Decoracion de Oro,2
963,1,9,Comedor y Jacuzzi,2
964,1,9,Comedor y Jacuzzi,2
965,1,8,Comedor y Room Service,2
966,1,9,Comedor y Room Service,2
967,1,9,Jacuzzi y Room Service,2
968,1,8,Comedor y Jacuzzi,2
969,1,8,Todo y Decoracion de Oro,2
970,1,8,Todo y Decoracion de Oro,2
971,1,9,Comedor y Jacuzzi,2
972,1,8,Jacuzzi y Room Service,2
973,1,9,Jacuzzi y Room Service,2
974,1,9,Comedor y Room Service,2
975,1,8,Jacuzzi y Room Service,2
976,1,8,Jacuzzi y Room Service,2
977,1,9,Todo y Decoracion de Oro,2
978,1,8,Comedor y Room Service,2
979,1,9,Jacuzzi y Room Service,2
980,1,9,Jacuzzi y Room Service,2
981,1,9,Comedor y Jacuzzi,2
982,1,9,Comedor y Room Service,2
983,1,8,Comedor y Room Service,2
984,1,8,Comedor y Jacuzzi,2
985,1,9,Todo y Decoracion de Oro,2
986,1,9,Jacuzzi y Room Service,2
987,1,8,Jacuzzi y Room Service,2
988,1,9,Comedor y Room Service,2
989,1,9,Jacuzzi y Room Service,2
990,1,9,Todo y Decoracion de Oro,2
991,1,9,Comedor y Jacuzzi,2
992,1,9,Comedor y Room Service,2
993,1,8,Todo y Decoracion de Oro,2
994,1,9,Comedor y Jacuzzi,2
995,1,8,Todo y Decoracion de Oro,2
996,1,9,Todo y Decoracion de Oro,2
997,1,9,Comedor y Room Service,2
998,1,9,Todo y Decoracion de Oro,2
999,1,9,Comedor y Room Service,2
1000,1,9,Jacuzzi y Room Service,2
1001,1,8,Comedor y Room Service,2
1002,1,9,Jacuzzi y Room Service,2
1003,1,9,Comedor y Room Service,2
1004,1,9,Comedor y Room Service,2
1005,1,9,Comedor y Room Service,2
1006,1,9,Comedor y Jacuzzi,2
1007,1,9,Comedor y Jacuzzi,2
1008,1,9,Jacuzzi y Room Service,2
1009,1,9,Jacuzzi y Room Service,2
1010,1,8,Comedor y Room Service,2
1011,1,8,Comedor y Room Service,2
1012,1,9,Todo y Decoracion de Oro,2
1013,1,8,Jacuzzi y Room Service,2
1014,1,8,Comedor y Room Service,2
1015,1,8,Todo y Decoracion de Oro,2
1016,1,8,Todo y Decoracion de Oro,2
1017,1,9,Jacuzzi y Room Service,2
1018,1,9,Jacuzzi y Room Service,2
1019,1,9,Jacuzzi y Room Service,2
1020,1,9,Todo y Decoracion de Oro,2
1021,1,9,Comedor y Jacuzzi,2
1022,1,9,Todo y Decoracion de Oro,2
1023,1,8,Todo y Decoracion de Oro,2
1024,1,9,Jacuzzi y Room Service,2
1025,1,9,Jacuzzi y Room Service,2
1026,1,9,Comedor y Room Service,2
1027,1,9,Comedor y Room Service,2
1028,1,8,Comedor y Jacuzzi,2
1029,1,9,Todo y Decoracion de Oro,2
1030,1,9,Comedor y Room Service,2
1031,1,8,Todo y Decoracion de Oro,2
1032,1,8,Todo y Decoracion de Oro,2
1033,1,9,Jacuzzi y Room Service,2
1034,1,9,Comedor y Room Service,2
1035,1,8,Jacuzzi y Room Service,2
1036,1,9,Jacuzzi y Room Service,2
1037,1,8,Comedor y Room Service,2
1038,1,8,Comedor y Room Service,2
1039,1,8,Todo y Decoracion de Oro,2
1040,1,9,Comedor y Room Service,2
1041,1,9,Todo y Decoracion de Oro,2
1042,1,9,Jacuzzi y Room Service,2
1043,1,9,Jacuzzi y Room Service,2
1044,1,9,Todo y Decoracion de Oro,2
1045,1,9,Todo y Decoracion de Oro,2
1046,1,8,Jacuzzi y Room Service,2
1047,1,8,Jacuzzi y Room Service,2
1048,1,8,Todo y Decoracion de Oro,2
1049,1,8,Jacuzzi y Room Service,2
1050,1,8,Comedor y Room Service,2
1051,1,8,Comedor y Jacuzzi,2
1052,1,8,Jacuzzi y Room Service,2
1053,1,9,Todo y Decoracion de Oro,2
1054,1,8,Comedor y Room Service,2
1055,1,8,Comedor y Jacuzzi,2
1056,1,9,Comedor y Room Service,2
1057,1,9,Todo y Decoracion de Oro,2
1058,1,9,Comedor y Room Service,2
1059,1,9,Comedor y Room Service,2
1060,1,8,Comedor y Jacuzzi,2
1061,1,9,Comedor y Jacuzzi,2
1062,1,8,Jacuzzi y Room Service,2
1063,1,8,Jacuzzi y Room Service,2
1064,1,9,Jacuzzi y Room Service,2
1065,1,8,Comedor y Room Service,2
1066,1,8,Jacuzzi y Room Service,2
1067,1,9,Jacuzzi y Room Service,2
1068,1,8,Jacuzzi y Room Service,2
1069,1,9,Jacuzzi y Room Service,2
1070,1,8,Todo y Decoracion de Oro,2
1071,1,9,Todo y Decoracion de Oro,2
1072,1,9,Todo y Decoracion de Oro,2
1073,1,9,Jacuzzi y Room Service,2
1074,1,8,Comedor y Jacuzzi,2
1075,1,9,Comedor y Room Service,2
1076,1,9,Comedor y Jacuzzi,2
1077,1,8,Comedor y Room Service,2
1078,1,9,Jacuzzi y Room Service,2
1079,1,8,Comedor y Jacuzzi,2
1080,1,9,Comedor y Jacuzzi,2
1081,1,9,Jacuzzi y Room Service,2
1082,1,8,Jacuzzi y Room Service,2
1083,1,8,Todo y Decoracion de Oro,2
1084,1,8,Comedor y Room Service,2
1085,1,9,Comedor y Room Service,2
1086,1,8,Comedor y Room Service,2
1087,1,9,Comedor y Jacuzzi,2
1088,1,8,Jacuzzi y Room Service,2
1089,1,9,Todo y Decoracion de Oro,2
1090,1,8,Comedor y Room Service,2
1091,1,8,Todo y Decoracion de Oro,2
1092,1,9,Jacuzzi y Room Service,2
1093,1,9,Todo y Decoracion de Oro,2
1094,1,8,Todo y Decoracion de Oro,2
1095,1,9,Todo y Decoracion de Oro,2
1096,1,8,Comedor y Room Service,2
1097,1,9,Comedor y Jacuzzi,2
1098,1,9,Comedor y Jacuzzi,2
1099,1,8,Todo y Decoracion de Oro,2
1100,1,8,Comedor y Jacuzzi,2
1101,1,9,Comedor y Room Service,2
1102,1,9,Comedor y Room Service,2
1103,1,8,Todo y Decoracion de Oro,2
1104,1,8,Comedor y Jacuzzi,2
1105,1,8,Jacuzzi y Room Service,2
1106,1,9,Todo y Decoracion de Oro,2
1107,1,8,Todo y Decoracion de Oro,2
1108,1,8,Todo y Decoracion de Oro,2
1109,1,9,Comedor y Jacuzzi,2
1110,1,8,Comedor y Room Service,2
1111,1,9,Comedor y Room Service,2
1112,1,9,Comedor y Jacuzzi,2
1113,1,9,Comedor y Room Service,2
1114,1,8,Jacuzzi y Room Service,2
1115,1,8,Comedor y Jacuzzi,2
1116,1,8,Jacuzzi y Room Service,2
1117,1,8,Todo y Decoracion de Oro,2
1118,1,9,Jacuzzi y Room Service,2
1119,1,9,Comedor y Room Service,2
1120,1,9,Todo y Decoracion de Oro,2
1121,1,9,Comedor y Room Service,2
1122,1,9,Comedor y Jacuzzi,2
1123,1,8,Comedor y Room Service,2
1124,1,8,Comedor y Room Service,2
1125,1,9,Comedor y Room Service,2
1126,1,8,Comedor y Room Service,2
1127,1,8,Comedor y Jacuzzi,2
1128,1,8,Comedor y Room Service,2
1129,1,8,Jacuzzi y Room Service,2
1130,1,8,Comedor y Jacuzzi,2
1131,1,9,Jacuzzi y Room Service,2
1132,1,9,Todo y Decoracion de Oro,2
1133,1,9,Todo y Decoracion de Oro,2
1134,1,8,Jacuzzi y Room Service,2
1135,1,8,Comedor y Room Service,2
1136,1,9,Comedor y Jacuzzi,2
1137,1,9,Comedor y Jacuzzi,2
1138,1,9,Todo y Decoracion de Oro,2
1139,1,9,Jacuzzi y Room Service,2
1140,1,8,Todo y Decoracion de Oro,2
1141,1,8,Comedor y Room Service,2
1142,1,9,Comedor y Jacuzzi,2
1143,1,9,Todo y Decoracion de Oro,2
1144,1,8,Jacuzzi y Room Service,2
1145,1,8,Comedor y Jacuzzi,2
1146,1,8,Todo y Decoracion de Oro,2
1147,1,9,Comedor y Jacuzzi,2
1148,1,8,Todo y Decoracion de Oro,2
1149,1,9,Todo y Decoracion de Oro,2
1150,1,8,Jacuzzi y Room Service,2
1151,1,8,Todo y Decoracion de Oro,2
1152,1,9,Jacuzzi y Room Service,2
1153,1,9,Comedor y Jacuzzi,2
1154,1,8,Todo y Decoracion de Oro,2
1155,1,8,Todo y Decoracion de Oro,2
1156,1,8,Todo y Decoracion de Oro,2
1157,1,9,Todo y Decoracion de Oro,2
1158,1,9,Jacuzzi y Room Service,2
1159,1,8,Comedor y Room Service,2
1160,1,8,Comedor y Room Service,2
1161,1,9,Jacuzzi y Room Service,2
1162,1,9,Todo y Decoracion de Oro,2
1163,1,8,Comedor y Jacuzzi,2
1164,1,8,Comedor y Jacuzzi,2
1165,1,9,Todo y Decoracion de Oro,2
1166,1,9,Jacuzzi y Room Service,2
1167,1,9,Jacuzzi y Room Service,2
1168,1,8,Jacuzzi y Room Service,2
1169,1,8,Comedor y Jacuzzi,2
1170,1,8,Comedor y Jacuzzi,2
1171,1,8,Comedor y Room Service,2
1172,1,9,Comedor y Room Service,2
1173,1,9,Jacuzzi y Room Service,2
1174,1,8,Todo y Decoracion de Oro,2
1175,1,9,Comedor y Room Service,2
1176,1,8,Comedor y Jacuzzi,2
1177,1,8,Jacuzzi y Room Service,2
1178,1,9,Comedor y Jacuzzi,2
1179,1,8,Jacuzzi y Room Service,2
1180,1,9,Todo y Decoracion de Oro,2
1181,1,8,Comedor y Room Service,2
1182,1,9,Todo y Decoracion de Oro,2
1183,1,8,Comedor y Jacuzzi,2
1184,1,8,Comedor y Jacuzzi,2
1185,1,9,Todo y Decoracion de Oro,2
1186,1,9,Comedor y Jacuzzi,2
1187,1,8,Jacuzzi y Room Service,2
1188,1,9,Jacuzzi y Room Service,2
1189,1,9,Todo y Decoracion de Oro,2
1190,1,9,Comedor y Room Service,2
1191,1,8,Todo y Decoracion de Oro,2
1192,1,8,Todo y Decoracion de Oro,2
1193,1,9,Jacuzzi y Room Service,2
1194,1,9,Comedor y Room Service,2
1195,1,9,Comedor y Jacuzzi,2
1196,1,8,Jacuzzi y Room Service,2
1197,1,8,Todo y Decoracion de Oro,2
1198,1,9,Todo y Decoracion de Oro,2
1199,1,9,Comedor y Room Service,2
1200,1,8,Todo y Decoracion de Oro,2